Id,Division,IsCompagnons,GuestId,Team
1a3a63e06f02289af109c07449cd6218d629e25c262cabd379d86a8b9e3aa83e,BIS Grand Ouest,OUI,,
007d499cf14c7993d298aaf8b129fee6525debe5014e4aeee5387b0a94262d27,"Réfrigération, Sécurité Incendie & Décarbonation",NON,,
fe9db5bbb1f50d3b2669d46570942a39acfe408bbe57e8b3cc3f1d5ee5a87d64,BIS Ile de France,OUI,,
6b4393271be60be3aa81e64dff9f6fcdf8ca223b6f38977968fed24d8d955f70,"Infra Ener, Défense Marine Aéronautique, Ingénierie",NON,,
7d044c62f62d26afba9902a292459bc7b063bcf95d74a895763198709221053e,"Infra Ener, Défense Marine Aéronautique, Ingénierie",NON,,
14ccaa2596cd06ec109c54473dce8081d4cba39a4ed4bc14853e4ec755d243d8,BIS Grand Sud,NON,,
4b7bc619c4fbc1be06d1f191ceb6a4c7b9ce84fe8643e3f586cd92412cb38be3,BIS Ile de France,NON,,
141d2808223974b089dca5e13a55c482386a00f88be0d74ec0fbc7085c26247d,BIS Services Bâtiments & Infrastructures,NON,,
8a3033f83eb1d3ccf4df8b6a859b7e693477d362a10afa2b9d3098db0ac7cbcf,BIS Grand Sud,NON,,
8796c65a3f435c922572272c4ece8c890a94a5627d7ebb5a4b3c0dec77abf910,BIS Grand Sud,NON,,
28839a1f5b883cc610f42d199af7de90d79c735f3b4abdfd4911058b3508c719,BIS Grand Sud,NON,,
2caf933defc89d4a1f394235e0773f21004537b4ed7dbf91ef0de7d8681c6959,BIS Services Bâtiments & Infrastructures,NON,,
7ffdf0663c830bf9d62808b75a8635afa2bc5def6c77faa97d82544527382a37,BIS Services Bâtiments & Infrastructures,NON,,
9638e11d4da8c95dcd1544f80109fc45373893b3d4d069db0a2cf4d5c707d96d,BIS Services Bâtiments & Infrastructures,NON,,
39e5846c9faee395d7ee1b31996063603ba350c3a89113863775f7aad0ba39b6,"Réfrigération, Sécurité Incendie & Décarbonation",NON,,
67bb1030f05563d2c7b47f2504f63a35ef8a72e82f777cccec01dfa795553d61,"Réfrigération, Sécurité Incendie & Décarbonation",NON,,
a321b3438e8d5e878cee38e93d7d51e26a482f3677b5c485689f4359a274a005,BIS Services Bâtiments & Infrastructures,NON,,
4178fdd732cc0e35ac4354ba22d35af9536c8dec4d07dfd09ec1d981b4731f37,BIS Nord & Est,NON,,
811eb61914b28430213bdc33c5cb1a9dc945cccee18f40110dce130cdd2b842f,BIS Grand Ouest,NON,,
942b5c08531b79bb8aaed24cc4ac8f6ad10218a62c4f6419e6170132df7d0d05,Industries des Procédés,NON,,
08df1592997cc3075dbd909ed18288b5cd1a24f8a857e94e45d7180daf570a80,MBU CEDE,NON,,
113d7c844637bd1e69d82315754d226334aebd7d1d202b068354201f3e1fb95e,BIS Nord & Est,NON,,
cb7b74ba200adeb567364c6c194dc1a38373e3e1e7ceb7b9b08f41694f9f46fd,"Réfrigération, Sécurité Incendie & Décarbonation",NON,,
1e78b590d6053bbdac9e0ab2e765ccd87c522f3265b42f968df54edc540ed63b,"Infra Ener, Défense Marine Aéronautique, Ingénierie",NON,,
68761bf5e28492dbb98f19999210d7c32235d9fa4447b2ec0d855feae03c5cbb,BIS Grand Sud,NON,,
aadf3610472db4e430e2ed4f64747933dd8c6769d5602c0c81fcd20606c25547,"Réfrigération, Sécurité Incendie & Décarbonation",NON,,
786de7936d948161534727e005b6fa8403b8e66b0b71a4df827c6fca371fa992,Industries des Procédés,NON,,
ac8f5749dcd75fda5f00fdae35cfcdcaf27e36c108a7a736e713dfe80baa1447,BIS Services Bâtiments & Infrastructures,NON,,
7c5e1f5b9837d10ef08b801ab4b9345d65d7b134e1d3d0d13d4935109dd0f7c6,MBU CEDE,NON,,
4a791517e1bb3f20abc7fb03cb8f0114651fd9c0925273c51db850ba84fd865b,BIS Services Bâtiments & Infrastructures,NON,,
e7e817571b64598e9fbc22c6f41a7ff3a59a39b64b5f957ada0e2e0c1d8a15bf,BIS Nord & Est,NON,,
eef49796a3dc4c0db2b5bd807f6adb45a41f1198712c94a23e13b15f2fa161e3,"Infra Ener, Défense Marine Aéronautique, Ingénierie",NON,,
91ea2ffe9b3f6655ab21791967400e9dff4ccac46c2563c56ecdb17fd45c7626,BIS Grand Ouest,NON,,
e364dcbdfdfb2f843b6fb17b5c5bf3934f615864a289180a596f41baa4a75b8a,"Infra Ener, Défense Marine Aéronautique, Ingénierie",NON,,
78338172fee29b0c0e0866e60317eb898dd60e7890da83e870b7c5626defa2e7,BIS Nord & Est,NON,,
78af7004b51949431b980cc74ee172af9993f8b389044ba390f1f3538664fb7c,BIS Ile de France,NON,,
e8d65ef75eaa3920b3b999faada302944e27088867495940e7e75f347d03ca07,Transport,NON,,
8bb3430b6a22b3e36b1ac73db194e5e8f0677e7e3f95479dfd2373076159340f,BIS Services Bâtiments & Infrastructures,NON,,
5aa352ce4d599e3d39f837667fde9ccdf1c454e5021fc57102907e4b261b37e1,BIS Grand Ouest,NON,,
5321bf3b74d25ffa79176ad3ad6666ffa5161acbd10f737e8a228195524999d3,Industries des Procédés,NON,,
4bbedd713221fdb720c927908298420d73e3f284331b452f968864f464b12871,BIS Grand Ouest,NON,,
413d278909c55c3a8a3cffafd1d5604e8f9b0ffc798a3678c725adda0b1dc420,BIS Ile de France,NON,,
6dbaf78155f8dd3f27fe12f188fe810fd69826983751e7f726bda700f5f74db8,"Réfrigération, Sécurité Incendie & Décarbonation",NON,,
eddff7684450fed4aa1d5a7fd6c27977e5ec692b5aedd26cde9bfda6c5dd2ef0,BIS Ile de France,NON,,
2fcde87cf7374a82699b9601fbf74c3080eed18b41f3841b7eff1f90ce61b7a8,Equans France Direction Générale,NON,,
065dd08835248119f5ba104b201d4c2dce2a22d82d246f1f9b899ea170a4d2c3,BIS Grand Ouest,NON,,
ca279ff179e8c1ace28b0a30a067a201fea5f5fcaf03070b6d187c9e5cc256c8,BIS Grand Ouest,OUI,,
0e96bdd2ca01d3d68988048f9012bb4c20c0d317925f5e5cd09a1571251c530a,Equans France Direction Ressources Humaines,NON,,
e2703f05cf84b70c102b7fa0701733b441642483f8d9401df07fd4e495a2bfc7,Equans France Direction Ressources Humaines,NON,,
4ec49f95499aee09180c30ffce0de3c4c460af39e29aec246ec004edef26310c403d0dc7a4c2b366fbb70ab59366f793,Equans Groupe,NON,,
e7e4826763ae24cea55e8e25054958d4d3f246e7d07dbaa042f145607f48fb83,BIS Services Bâtiments & Infrastructures,NON,,
24802e7c9dbd447d3ecc022dc91bf4c90c20beadf4e0a1fe789213aca0a063e3,Equans Groupe,NON,,
8ff39f825abf07aefaaf3e9138d921c9399136c757ea81bb1d83561aa6edb618,,,,
62c0a91463f97f88a576bdfb2aae57aaf211c08f10e0830dc32ff2f0977f5d59,,,,
370198e86e9db28cd81f586d7520b94d13f13884aa3c4d21faabebe2b4045ddc,,,,
97e40a8211cd38c0d064c5c75db8f4d45792829655b8d23b34d640f7c74e5d1f,,,,
36f765a72ae1355feb1d940575a1f21837dc749b341af206aa756b8863e324f6,,,,
a1f55a32b7fe3ff67b3f48362fc9e65bcc39f5cdb5d7d40b7d1de7cd26db2249,,,,
ed271025941973b5105bd328bf53071e366fd9e8dc0537c05d3ea69dc4d5ae9a,BIS Grand Ouest,OUI,a1f55a32b7fe3ff67b3f48362fc9e65bcc39f5cdb5d7d40b7d1de7cd26db2249,
0a6089253fb62c43e02214be19b10133d3198dc7447edb58f94bfb06d7780b51,BIS Ile de France,OUI,8ff39f825abf07aefaaf3e9138d921c9399136c757ea81bb1d83561aa6edb618,
aa30b729db0d847b4fe3c1db13072ca47e63f3f4e451d46124284c8121194f16,BIS Services Bâtiments & Infrastructures,OUI,370198e86e9db28cd81f586d7520b94d13f13884aa3c4d21faabebe2b4045ddc,
2534c3becef04c55c24444474858105f1df26cf0f9932a472b337adcaebadb0b,BIS Grand Sud,OUI,7a685ec98156a5a8b77865c3abdf7d7c66a6c37f23e4ed5eeffc1ef8a38b80fe,
3fa9cc3197cef11012ed5604a4176f356997a506a73065e5474e4db2759c109e,BIS Services Bâtiments & Infrastructures,OUI,97e40a8211cd38c0d064c5c75db8f4d45792829655b8d23b34d640f7c74e5d1f,
503d8d1fb3877a56dac88de8eaab640e25712b2097376acdd1eb4c243053a462,"Réfrigération, Sécurité Incendie & Décarbonation",OUI,36f765a72ae1355feb1d940575a1f21837dc749b341af206aa756b8863e324f6,
05230d4bc6535d708de940d073dfcf613838460f07b5e00fd8ac3bca34984e14,Villes & Territoires Connectés,NON,,
b5282eb3b8228700b4cb9fc9dd0f9765fc33a3c2b9b700b726efc2b0ce18b497,BIS Ile de France,NON,,
429177d472545ffec8a503db4cd1bbed70cd788706121bd8194f3cbfec5bc1df,Equans Digital,NON,,
ef753cdfeeb4d11eba4e81b2caf3f7f5d80937de859f452524a6a274d7f0304c,BIS Services Bâtiments & Infrastructures,NON,,
102aaa8c60a648d4d22246ad1dd381028e8c4d83e3602150ded603686f6d15c6,BIS Grand Sud,NON,,
65d571b86a480136b4dfc4739c50028b0b1aad3748433c0a86813e0e310cd50f,"Infra Ener, Défense Marine Aéronautique, Ingénierie",NON,,
83956c33e861dd5d213e3708bb47db5406a7b859fec38f8446612fdafbe22e80,Villes & Territoires Connectés,NON,,
452f6a188c5cd17be3d691279852fbfd7b07ff005549b37546d4662a2a801155,Industries des Procédés,NON,,
7191bd193e550426a5ef94fa0c207dc926efcba82177d860f926987f75c0130e,BIS Grand Sud,NON,,
df4ffb8c2084c183b647b5bafbc8936c6f242e133db6d7ac52f855a8ba6ef84a,Equans France Direction Ressources Humaines,NON,,
7f22f46549878a05abfe84c63253e927c7ecf82fbe7e143ade674633417588fc,Industries des Procédés,NON,,
65079186a10e6009606880a8ea0a0982ff7eccf366a18a7ca6bc5f5bf29ef159,BIS Grand Sud,NON,,
f05d0978a6c21f919e04e50ff70c073504aaa9f510cbdd265e89035754ea375e,BIS Ile de France,NON,,
59c49549c6890e98180ed5e2afec6f0448e282d4960ff7d694f77901056f2fc2,Villes & Territoires Connectés,NON,,
64cee87ddc90378e9c1362e6a112cb07f748b631ef47b571b63b77078543f4af,Industries des Procédés,NON,,
c26c291a6d6c31aaf70b20ef5b6f8a0dd49d4d99dc98ca8c894bf52087e90111,"Réfrigération, Sécurité Incendie & Décarbonation",NON,,
7456ba1c3295c2734f1c873152455e8cad18eead542662b56c6e46ba7d7530b0,"Réfrigération, Sécurité Incendie & Décarbonation",NON,,
45e9e0475ec772d249378e2b62892558439d8a303c5b6cf86cc4519422d8843a,"Réfrigération, Sécurité Incendie & Décarbonation",NON,,
d80dbcbca5f7157feed4ca849d2773e61fac9f1826711ac58d2a8c78c78cbed1,"Réfrigération, Sécurité Incendie & Décarbonation",NON,,
72964b62cf519b2f26e021b9a93b5c97965bdc692163282c9d847cd9ab630f2a,"Réfrigération, Sécurité Incendie & Décarbonation",NON,,
71b6cc85904df495396b8208f9756ff1042a3cd03f2d84b21c2298a341a54bae,BIS Ile de France,NON,,
335e40def09176a0ed4641260d7308ce11a1dd9050bdd4c5f769cbaf86ad36f9,BIS Ile de France,NON,,
7212147cd2c35a4bedc702dd8f3b7d8963448b53ed33866e803cd5765424ca44,BIS Ile de France,NON,,
53b6cb04c3861c8b5164132788356fe25581984e9c58394c7007cbaef07b979c,BIS Ile de France,NON,,
f6d9e8dbf72e28c2f61887ba67d15dff8fda638bd123799fbac9b0cf9719b0c3,BIS Ile de France,NON,,
de04f5c8abdf06cb9fafc4524314a5b684c8d5088b6a25ea71d7c7fdaa4e271c,BIS Services Bâtiments & Infrastructures,NON,,
65f308fded7e8ceee04130c30d360d2614da43c64114c0e28c62566d4892e554,BIS Ile de France,NON,,
7c80f74d01f4015083cb821c16a05958489433119ab1877c3be4f52efae73d65,BIS Services Bâtiments & Infrastructures,NON,,
d40e40a258456ad11d390182c7b7edca10c3e9064f827cda13081f7837bdef0c,BIS Ile de France,NON,,
6f226f0fe1d7efa55dfc348ce259a4498e9accdcd45bdaf040a40448f401de24,BIS Grand Sud,NON,,
5e51e540ab976e0220587288417e8de04ee93688b2062cc77a698ae97b8090cb,BIS Services Bâtiments & Infrastructures,NON,,
495a855a7e611569b43cdb1f94886a6955e7c60d7ae7e26be2ab81ec266960be,BIS Grand Sud,NON,,
dbe4875196639e7be01837a10cc01a8e717bbf0380dd23be79aa9b1c674a4e6a,BIS Grand Sud,NON,,
14e7167c6164db83ef6fb8785e16e6201f6f8436906cff755b9a1b3b23614d67,BIS Services Bâtiments & Infrastructures,NON,,
cd9c67ecbcb865b162daf6b0c22915f31136f9d630776d9f1b679c39c3c6a817,BIS Grand Sud,NON,,
174257e890f47f7eff4bd2647230a49d592489784d5ad8ba4852010c8f6743aa,BIS Services Bâtiments & Infrastructures,NON,,
c8e36fdc62235951a8f1d5de339b91f8f1e5e1abbb20f22b28da5ea495fd3d78,BIS Direction Communication,NON,,
9adcfdc1467b21ceac2f4e61411910824529912bf93e48a06c24249318ba8aa7,BIS Nord & Est,NON,,
3fca917347492c123b51c724d7f02a3eca673ff684b1e75afef92cdfaa034278,BIS Grand Ouest,NON,,
771e0aac0a5e9cf269e78220573bf3830c2bbde5b9a799aece862059071a747d,BIS Grand Ouest,NON,,
51c80bc118a755c4af341e51958c9a9faab29c3c842cb51725450c06804ec9ac,BIS Grand Ouest,NON,,
9e72dc0e99fb67ce7d55317f47d88b2d72bccfe156028963ab2d62ae78b2b026,BIS Nord & Est,NON,,
0740ac0ab8f94ce531110aed0af63f15de8b054d10005bf13756e08a9a2a620c,BIS Grand Ouest,NON,,
9b48feede11691031cea0c21ea2e45ad034eb1de720da96b21efe78cf5b40c3c,BIS Nord & Est,NON,,
8b904f59d697b212acf8d867646cdd0559739bdcb1370bf1c702ebede4673186,BIS Grand Ouest,NON,,
3827a5227dd7ea8a96be6991f232dd46b1cfb812e65cef22b4ea6486ca7ade30,BIS Grand Ouest,NON,,
a87109e4771e48272899e038b53105e1131438527a3a091412cf05e4f3bcda11,Industries des Procédés,NON,,
96d80b42aa34ab7418ae673a051a285691ea648089d1012f5651df75314f0513,BIS Grand Sud,OUI,,
1178009959ba287512243d4de67893914ccd19515831eec6ca3a8e523f9a808f,BIS Grand Ouest,NON,,
906840a0493453c7873424c41f9c2c1584ef3b85970915d656041af885d4e2b8,BIS Grand Sud,NON,,
0cb1737571608a17859142c79c78a5628f7228ec4b8fac207043bb7f1569ee41,MBU CEDE,NON,,
93769e39413175bd1c083b65f4a95f6a489da6d872984e4b87d1e3da1b108d21,BIS Grand Ouest,NON,,
744f0702b03293e92fdaea18d1ad04eabbc9a15c7176cf77f6323d5cbd8e8da3,Transport,NON,,
5b842844a051a2f9f07afbbf7289a6d092fdad66aa1fa8dd373e9aecdceb0cd90ae19c71ef1300bd4713e5ac574288fb,BIS Grand Ouest,NON,,
3380659721ed185d9f97c0a460c7767282b1c728d79caa79b6409cc3ffde369b,"Infra Ener, Défense Marine Aéronautique, Ingénierie",NON,,
6f876cddaf41aea3144239bced8ff4aaf7e8575a68ed4a82c3bf17fd2bf856ab,Villes & Territoires Connectés,NON,,
2d0069251e43615337ba46cda705cae32f8cdda3285bef1f2554ad118f4e8977,Transport,NON,,
84f7fffe2921cd4ebbda6f464cabcaf7db6ce56f34758e6bb690b7ae468506f7,"Infra Ener, Défense Marine Aéronautique, Ingénierie",NON,,
e3ce964638a769d7e9c5de850725d88bd3e515ebab2a715df4f22ea0c890d03f27b1765ed2734b850b44eb4fad125a8d,BIS Ile de France,NON,,
97912c8b8a1203e6b1a6f55fc569331a305dceeddbd2fa7050d7d15f96db1c3e,BIS Ile de France,NON,,
ed7e9fe86279d23efecf80247e0d7fcc95c3ef32b7ad135a7464768b88bbb91d,BIS Nord & Est,NON,,
1f6510fcbb0c9f656295aa9e019ced210c485cdd5fa2452323990d9b3a29e803,Villes & Territoires Connectés,NON,,
30d721148c9bc01362948361c115a74460fe1487b43de6aaf0214fc89a2dac1f,BIS Nord & Est,NON,,
f0519d36c36368ad688ad51ae0dcdcba9386217268f15c9bb04ad3e5cd5fff75,Villes & Territoires Connectés,NON,,
04627c047653eeaad6bb64763b561ff85c73506fd6244efcc37ee42f2384e8a4,BIS Nord & Est,NON,,
083e02d24d84128d22ae2ac3fbf6e4cb27c4bc3f03f240bdbd900da667a57184,Villes & Territoires Connectés,NON,,
ccdc8a90b2f41076c65b71c96f7c4bbfd51eff77416984929858bb00913970eb,Villes & Territoires Connectés,NON,,
5a2afac9ab63fd063c263921efdd87a6bd4e2486c96cd94dc10f13123f547c5d,BIS Services Bâtiments & Infrastructures,NON,,
cfe86fcf195ffe7a8bd5ec4bffa66724e131ada0133d10f63e1eeee5d2e06f27,Equans France Direction Ressources Humaines,NON,,
39afe6008d2ee5812f84430578db8621f4813ef323cc46f4bfed1174d859c4c7,BIS Services Bâtiments & Infrastructures,NON,,
cb207fcb0119075fa013840d8e92114d84a1215f36dfb98a78224c41a0fb5039,BIS Services Bâtiments & Infrastructures,NON,,
06a39f554a33ea7a2765f858e40406714b0cc0e574e159e4633287b1969ce80b,BIS Ile de France,NON,,
2e17e08b12f2669c3442ac1d577448859cea8be3ec9d631ed2d152ab22ae0b073be3879b9999ff4a487074437bf956cf,BIS Services Bâtiments & Infrastructures,NON,,
0d1fb2fbd70283e9db4fb72217a151003ddf53528c34166162cc7a403448085f,BIS Services Bâtiments & Infrastructures,NON,,
6a0cafebf4899e83bd8c3dd75d05b109bcccef8fa7ae401ae342fdf619564f43,BIS Services Bâtiments & Infrastructures,NON,,
177f816cd1f3950232408478bed81022e51fb377ff992dadec45f97781d3c3d5,BIS Ile de France,NON,,
5b2a112b155a05a5574a5d0e8502bf5b83ace1e00bd34dc828355faf5ca6ac5b,"Bâtiments, Infrastructures & Services",NON,,
57970d03b840ba2a798cd18286dc2289a08067f6b8c1557e3e2998e3921420d435891a9c2ceeacac2dbd4bec1940472d,Equans France Direction Juridique,NON,,
8d67a17c88c9e054bff9b674a27655778600bee72db8006708abf329e3509bd0,Equans France Direction Générale,NON,,
ebdcaceb9f52e069d0b1bdfdc0c4cc46fe200fba0ce174342b7cbdf98eed2f31,Industries des Procédés,OUI,,
c3419078ba304ab7e6e0c177d6b1876251ae33df5bf430f8eb8c50b53fbcd945,Equans France Direction Générale,NON,,
dd7e30817c924641ab8ac45c855a6ad7c6070fd7e2ad18aa0d54dd7f0192abd7,BIS Nord & Est,OUI,2cc75cd795659d62c087fea1fad89be29ea7a2ba6c78a76d620f46c1f0b7fba9,
49f2add5ddf0597ebe3f7a97997cd0f4eddf40d8d8f4d694663d6e6af1c2f65a,BIS Services Bâtiments & Infrastructures,OUI,,
651d63181ffcb6b0f1819a7ad35ebfab2fba2403e634c4cd3caa42f5f8089ed8,BIS Services Bâtiments & Infrastructures,OUI,,
c2a5004636da9c9884e080f53e0d938cceeb3d8c7376663f29107a7fc890b366,MBU CEDE,OUI,,
e2babadc5831013215d5573a10171764d31f21b508857ce0d900f99b4b881497,Equans France Direction Ressources Humaines,NON,,
0399f64e034242b66776d17c82c3d0e8b27ba2d7dfd3999f97612b0598fa8b16,Villes & Territoires Connectés,OUI,,
c8889a7c5e753dcd6d3f61482732807b4a9363a3c9a9d840524575ad87607cd2,Industries des Procédés,NON,,
07f0f0b2810a214ff317bd6c728a118a9ca8c9506ec953a90da491595aaf4359,Equans France Direction Ressources Humaines,NON,,
bb0f018763bd207425e910aac656fd50bb5e8a18aa04b9ff2e61602169ebc47f,BIS Grand Ouest,OUI,,
7e43d87053788ca5f4338eddbb0df0a3d7a42b1896dbe6b45c0c20de007bc8f1,Industries des Procédés,OUI,,
7f2068078d25db18b1661cc521427743e3620e5c23b1741bcfca7669b38df374,"Infra Ener, Défense Marine Aéronautique, Ingénierie",OUI,c52e2ee807a336783f8bc6756c29d0078a6b54decbf6d8d6510e6f239b30d1a3,
7865be1763ac44116b6194109cda600bc4a75fb6a7943e757b7d3983bd15fa98236fa7954cc5fc3e1ee1246be314c790,Industries des Procédés,NON,,
0170dd6f8a981d2b0b8763fed9c8a7b1d592197eba0930c1ff8e153ccc122879,BIS Nord & Est,OUI,d5d4e4964b9b4fd025db9020829b4abb69477e6fabd73f600be2860bdbbe3652,
c52877b351fad5993104980e0a42f43e84e96ffdb1adcbf802ec56f00a804793,BIS Services Bâtiments & Infrastructures,OUI,,
a9ffe5a44ca58348afab27c579e989592d3ba9b64a9f4b743468252dcdc750e1,BIS Services Bâtiments & Infrastructures,OUI,10d95b55ace2c34592515df92f21c0be0d980be9b2a1ca62110f77d87400bebe,
7c49f065bea4b5dc42b5f1ea1e0db7c1b59c3f001a0af8446f06b39c638b80b5,Equans France Direction Ressources Humaines,NON,,
a9042f8cfc66b25bc82c753258ee127554a62f15b703f5c1ae6a9e0077d9ce4a,BIS Nord & Est,OUI,81120ff6b3a886983e99cc48ccfb2e836e564c4f6aa991faa86ea961e3c04a69,
89e31e2943f02eb5e06bf43dc2f5e9f1eb056909745536a6539602b1a761a4ea,BIS Ile de France,OUI,,
9aa4b98612fcb05db3342c570783713cf746d2ce839eec4d2f86dda168376ff0,BIS Grand Ouest,OUI,3047e89e12e991bc6bb82e7ea10ddf031a445815d97545b6ca0f03d124c99bd0,
b62d56cc8a32091225bb3f98a8893c1161df08151825103167055bb91704a6fe,BIS Ile de France,OUI,813fd6b70abad1e6cfdb183ee6f17f2e489d1b45ccc38f5d31f2d963ff0153c4,
253529c8d038d8f99bfb6901cbf26229465efb87d11725880fce6d61e74c189c,BIS Grand Ouest,OUI,82d72de980d65d8a318b7e8dfec06c0cf1d52e379a7654f03c958476f07929c0,
6633b67dc8dfe0bd36231859420e075778fcda163d21883b51fc7ed740a2fd8c,MBU CEDE,OUI,da0b92331a9023dd97bec4f74d97719db6f768c60ed1f9b365a79f26f618173a,
e9569d7ec579cbd2e7a3cba67a2176a1580b2a47b15c8fc0678467db827fb9ff,BIS Grand Sud,NON,,
407db48e92d83b3750f37a6b569ba27945ded7daa499d4862408086d16604471,BIS Nord & Est,OUI,4ef37930736afaf5dd3401cf1a539b0d4f73ca64b14065a2de84fe6d64caeb34,
fd374a08df430f2502cf305f3f4137b4c9577e557298258df36efc9622380400,Industrie des Procédés,OUI,,
e3153c9a82e9981aa96902f98d797b7139d1bc3e1cee1b9de89c02a34a6c1983,BIS Services Bâtiments & Infrastructures,OUI,,
f98f0099facf576e0cb6adf74b803dbfb77cb50d7261458195b8d5deb01e0cc2,Industries des Procédés,OUI,38c14829207f08959620aabd66aab410a4c55ed102512e846f8813712894a756,
8cb5e5b650abd433c2dcab38219ac0a8530be1930ae2d3b966f703289dd94532,Transport,OUI,,
599eb50f3c931bf1dbd021d0b5f97239ac0059a4fa573ce39e246340e1f81b6e,Industries des Procédés,OUI,,
141f6e6d02e4af3b3acbd3fb6e00352cb73b6bc0fb5cdf24636f528b16878aab,BIS Ile de France,OUI,,
c6c0193e848bcedd57e1293f70c5eab482b945e9a3ded7f95f26475670d9aa72,MBU CEDE,OUI,,
d2c47f05a1ab5cf64dba75e73420f2b4166fc244a697730909caa7545b017861,"Réfrigération, Sécurité Incendie & Décarbonation",OUI,,
50742ebc62bb9bf39691f720daaf2165e9bc8c25b82d7918b776c9aca588c888,BIS Grand Sud,OUI,b90538bad8bf28f5454ee5dabbfb6cf7a725100c81f13e6424eec1ff215867d1,
5979e05f201070a096f08df3d680c8ae49224f257a32fbaf41195ffe0bf208e1,BIS Grand Sud,OUI,63aad781114b3419a2804b9d593785f4,
f5a2c791165754ebde7f516a4b1bf15eaeabc8712b4ea40b6a3cc733565c1a84,BIS Grand Ouest,OUI,,
71ad28c4deaf5b5a2494354a8e092ce3cc387fc9209c61f018e4bd84f757e7d0,"Réfrigération, Sécurité Incendie & Décarbonation",OUI,,
ef484f7e6f6d522e4b46284e275a37e1665cbe06ca9d1140fea44a56318a2a21,"Réfrigération, Sécurité Incendie & Décarbonation",OUI,3e37fdcb40786b309f48d15c1fee63a153044b52c48fd439578efaed40deb1c4,
c28e1dd7397c4a79b701ade29ce2e943701969d85d24e5432b54053deceaaa29,Equans France Direction Ressources Humaines,NON,,
ffecdafa8ae83b4476d9875a65af96e224fda1e08ee703d5b11d66f9dce85f9a,BIS Grand Ouest,OUI,8dd13002b7fb82d0aafa199eb3fafc50f854c5db40766590f47026346b213fd4,
5d113d2e9aee4062a5ba5a3356286d256247814bccead418c76b4b8743636e9a,BIS Services Bâtiments & Infrastructures,OUI,,
f41d638365dc96707fdf46f6a371acbf7412300dcd4788bf4c07414e57edcd4b,MBU CEDE,OUI,,
fa2e55dc97b6a8336cbb87c4e5cf822f4d852a59dfe55fed184b4e476c01b0ca,BIS Services Bâtiments & Infrastructures,OUI,,
f424094b28c8bc50419fc36b05cfca307e4c505423eae2a4ad8eb98d96f52513,BIS Ile de France,OUI,06cbc44b4d9d06b9465859d65dec18d715266b2a275c593075d0bb4e16555722,
56e7b72471b6818e881700f2928fc6e30f132b52bd94dd12bbe4037d9fd4032e,BIS Services Bâtiments & Infrastructures,OUI,,
d177d1d6095b17d8abd1886929669853251f865877aa993846c6efb154d6056d,BIS Nord & Est,OUI,,
1bf867d4eda70e3e2791b397666ea139e3817b4e68439425e54d9989d7cb1d0c,"Infra Ener, Défense Marine Aéronautique, Ingénierie",OUI,,
c152d74d178ed97493e3a0456cd7654ba60e150a87a25ad2172e3274b89fb54c,"Infra Ener, Défense Marine Aéronautique, Ingénierie",NON,,
42e146843166b861c7546b005648cc821a6875abc39a88cc3f3f3e6facd3205c,"Réfrigération, Sécurité Incendie & Décarbonation",OUI,,
a9e3a1e1b168a63c0d1bc3e040eff6cbf639cff85e7c3193f65dd2d70c23dfe2,BIS Grand Sud,OUI,,
3c0f62e42a0ffff6fa2da1446834565764a379d62e27f500ff0a48b54401e721,"Réfrigération, Sécurité Incendie & Décarbonation",OUI,,
ad3aa40fc31e4658ef88683deaecafe14e284c4504677296a777dc9d81994030,MBU CEDE,OUI,,
182e33552f6ae48012b4014055c60b812d8b5411f5ae49e28beaa6a30a84cc1d,BIS Services Bâtiments & Infrastructures,OUI,54722fc4d6e02db57694638d14575893e0573d03eb4d5f8e6f1fd46d8bc0006b,
1f9fa805ed91734f1bd6846646e30047bef874c99b3e33c4ed2c163974984b20,BIS Ile de France,OUI,,
79cc6a31ddd47b8122c3cfc163030e7b6535dbb0ed625b518cb44dfbde87d786,"Réfrigération, Sécurité Incendie & Décarbonation",OUI,,
74a2b487625286f808c3c78d2232af8124e3cbff98dace39585853630640db04,MBU CEDE,OUI,,
4295f3c1ce452dda25e6bb458418589c05085a34d96cea13e97babaa53adf754,BIS Services Bâtiments & Infrastructures,OUI,,
cc325ee0a56093020a67771887d47c80b639c6d8960a3c8c33f3e8050a873b14,"Réfrigération, Sécurité Incendie & Décarbonation",OUI,,
3a39e59035fe1ee473e6ecb9dab8f5493b6450f8deb16b3e47f92a164acf3d08,Transport,OUI,,
b6df9d029dd22dcdc6dfa6ac7fbb3514701b8ef23db1e5efca6d33499b96f819,BIS Ile de France,OUI,cddbeea2c2cede845f9661d042f5639416c3633ce80619e12d3be118d130d58f,
73af3fc3a1244efbc1baa7e3ace8ef5aa0a54ecf0857bdcc528aad26aa3a8ea1,BIS Grand Ouest,OUI,a0de4b5919c552bfb4c599123b059d6f,
211ec6167fe0714dcbd3a5224802857ac1b02405e6411256ff759a0552538175,BIS Ile de France,OUI,,
2c259d2c2273acf570ebd1d57ce109ed986eb1c4c086233a2ffef64390425e95,"Réfrigération, Sécurité Incendie & Décarbonation",OUI,,
805191ed596bdf15256e7d252775a81d99191354be7bfe34b7a61e06cb03af3e,BIS Ile de France,OUI,,
3ca2d16eab824c56e38608f1aebbb37d2c7e29d1e87c5412024d6ec9849726f4,BIS Grand Ouest,OUI,,
297275188774902970861500536177c0df320c5fd936e26e8f34562a38ade17e,Villes & Territoires Connectés,OUI,,
0296cd66c757da6834bc73b89a443cd10f1f0f99ba8f80b7aef9ae2b6041c819,Villes & Territoires Connectés,OUI,,
8ab5b17fd2a97ef222c88442b89a5f25ae80de1b0e34d1928b1ce4e650d02375,Villes & Territoires Connectés,OUI,,
742c4c3075cba6ea4a2447ba070abe1d801c13b87523fb68a5fb1822da90583b,BIS Grand Sud,OUI,,
f41c94ef84d5147f99f14f1037fef2cdd184ef305ee73036fe6e55a7d87023e2,BIS Nord & Est,NON,,
0ad327125b3d269a65de160a39efa9ee8bc177210e2c8d018b2e774226931f2c,BIS Ile de France,OUI,,
a1ace5b9b73ce35d51f3f7048ffd83428cad28ce19de77c6d08f9f9fa8a3e3d7,BIS Services Bâtiments & Infrastructures,OUI,,
d02574ed3fa7e5e81864c40aab2f1c7db4689d7319d7adb3b8e478953158565ece64e889a958a152f5f6a4dc978c6b28,BIS Services Bâtiments & Infrastructures,OUI,,
f1ce0f32d2c9c5039e53d2f6798672ea5199aff3589f2903dd2d2e4d6a24005d,BIS Services Bâtiments & Infrastructures,NON,,
32aa8f63d7bccfa1320063dffe18693b023a5190712a00f0e6dd922e6dca88e7,Industries des Procédés,OUI,2eef7fc6a527ba367f1483631686dc20e1a08b32b87eec79af871922cc38063a,
68f6132af57ac4ab48f634c1069b5718f3838ab735133a91fc300bc93a4cfb98,"Réfrigération, Sécurité Incendie & Décarbonation",NON,,
7f17c71479f663cc6bac705d53dd922cdd4e40327a406415568ab53795d2204f,Equans France Direction Communication,NON,,
adf66444a015ae9f995b671a3d6687c9012585abd3cd0c392fdfa14e2525296f,BIS Ile de France,OUI,,
a06c06bf807f64b121020002cf9b157c29622a5b47a0244ba1ef172331ca9058,BIS Grand Ouest,OUI,,
c5270ba80d32ca3703e5a0628d5e0f305f326a9a900772803b27f169da62e890,"Bâtiments, Infrastructures & Services",NON,,
67f40710cbd7f1ceb3be804b96c37c230192ddd2bd8fce9eeddf3fdb29e3eed3,BIS Ile de France,OUI,,
b9c89e0df35285e9d197819ae2340883c43434fa6898794cd66a17c3a1afc9ed,BIS Grand Sud,OUI,1cd45f6d5bd5fa4479b1d32ab3261cc683d19af144748f7cd41c4576ee470dd1,
b6d787156a53638c11dd4b15f8142802626183cd15d1e6a24eed2bb88c7afeae,Villes & Territoires Connectés,OUI,,
59ad61edc7122d835ae3b1a5f5537cc587352b064540f4be3217ba38ab290278,"Réfrigération, Sécurité Incendie & Décarbonation",OUI,,
d638a534d8859aa973d632cebb1e7f82f654946e2523079fed68da67e2869c9e,"Réfrigération, Sécurité Incendie & Décarbonation",OUI,,
8eaf00541e63991ee72c2f38a9bf24bb9bf30c355878a170cb880abeafc1551f,BIS Grand Ouest,OUI,,
890018041e5c1e7653001206e0494379f334f23e616a98401023c59f60f1e40b,"Réfrigération, Sécurité Incendie & Décarbonation",OUI,,
1d8b14cf2b7235bdc7d949171ddb9bd30e835706fb7f5d12e77ba004c70f3277,"Réfrigération, Sécurité Incendie & Décarbonation",NON,,
dfef983d78254cba7cff34d100248694840c071739e107422cda1264d42562c3,"Réfrigération, Sécurité Incendie & Décarbonation",OUI,7be6296315cdf0dc3514d0ac082aa873e75eb15b76bf899295dde2318c1bc458,
dd337362c921b4ee94b791029d0a7fae9ab73dbf4c0d9524fbb78e01597c3d1b,Transport,OUI,db4f4af2dfbf18f7513ac8663883693265da9303b805ad683e8268406fa8c4f3,
7f585e4c429eeb6b8f989d83c0770ff1a483a81d1b5bf17cf6c9a1b131e356b0,BIS Services Bâtiments & Infrastructures,OUI,,
cfcbdb3a6f1dbcbe22480ccaddf6a2f38e7df987d49aee9c19a79e9de46bcd72,BIS Grand Sud,OUI,,
140114439f0f2bfed50ea11266054902185d662739051abb197629c0c61aace29380b119a20a89851a90e89f2adbc002,Villes & Territoires Connectés,OUI,,
4fa122b9417028b530b9f0fb5a9d1ad7504b0bf257022cd42cc48c9da8d8e1d9,BIS Ile de France,OUI,,
3027152c47dfdbe542535b9bb560be6d423765f56480a464bbdee11c0bbc5e30,BIS Ile de France,OUI,,
b3f6c62a6afd7351c5baebcae04b0d0c4d2fee119beeb4b928d8137247400e11,BIS Services Bâtiments & Infrastructures,OUI,b42a4c4902547cbd3d319b1374899f7f80ad57b686dd300017d1900016044397,
b220a293fe832458ce145d5fa49de706a2a876bb3c95859d61583be23aa16878,"Infra Ener, Défense Marine Aéronautique, Ingénierie",OUI,,
cb6aff293b01615d6dbe3d5fd146c364d9e15d628f2b54295fe1934a443fa482,Villes & Territoires Connectés,NON,,
dc95142c4f1e9571c1a91ac0d959c3f29100408b58822173ff890726139a7c1b,BIS Services Bâtiments & Infrastructures,OUI,,
fb8a59d56e85d7dc5850e0a3679a59107a09611c099e30e0f199ccd474ccf857,"Réfrigération, Sécurité Incendie & Décarbonation",OUI,1472ac1d6a10b7050d81b7f4afa162bd9778bc54aead4c1a6eaf05994213d9aa,
62edc2d35b00f120fca350e310ef1b51a807f13dcdf0c81c27632bea028fac64,BIS Services Bâtiments & Infrastructures,OUI,,
c6ec1e5ef7d5fb52442ef98e2d392786b2cf122915b43dd6b73846b8ba86d1b0,Villes & Territoires Connectés,OUI,,
2f502d2dd82adfdce41beebc9e7857d3f40b82b85cf42bf59bb97c874d7b907e,BIS Ile de France,OUI,,
9b6a148888ec18917d1ddc9382f31d3cbd5953d263faedd37513aa3d3f765990,"Réfrigération, Sécurité Incendie & Décarbonation",OUI,,
136ca52c0811020dd1321dd9ce68824e5ea8c3861800790d10e2128612ab0027,Transport,OUI,cbc2680757cfbe99bb47d58ee06a45e4cd6efd6d248295fa3f455ac41af12685,
69c3fbe7c1588ae6c51927b9195fbca4605968a4ce4b63a62bb74d0f1042dee1,"Réfrigération, Sécurité Incendie & Décarbonation",OUI,,
db1d283c3a6b048ee9bb8e05657af2cc56db5628e2ca463a48f2faa372cba2d5,BIS Ile de France,OUI,,
1a43e0709554f8cb061d10cdca5a2805a298947c25d3abff646eb2a303588b08,Industries des Procédés,OUI,76769d04c06ad471f29571066a00cb9a75b0da5c11a1d11a9968bf73d000a1b9,
3d8f649dd2e5f8dd9ee6aa1da84cb12571dd5ac7827fa87ab1b836c0bd402981,BIS Services Bâtiments & Infrastructures,OUI,a35294baa83df7ef61d3973ee834a7e0181421b11abb674a72e32822af570f6c,
ee6dc6cb0df0d8aa156e477ead0da6e68afa251e3546b20abcc6a76fb476d5c7,BIS Nord & Est,OUI,6c27d8fd21b9e0b0825d98c53b05fdbc6614371e67120b993f2f0cccffc02ef2,
d3b50cf0d24132c750d1c89f12d7693c14e401c7db89bfb52bfc6174cabdad06,Industries des Procédés,OUI,,
1b6bd21f71c4576cc5fecce5b41c84a99bd652eb28555a26b29cad977307cc34,MBU CEDE,OUI,,
d1ce02f78bad834710fe0f9afb55bb0b7ef7c5f67f0bc5511c14ab35bfa0c6ef,BIS Grand Ouest,OUI,5e6ebf4f80e86a8adeebd843c09b2f64c1f1ad12dc5cc91c7e2b428bbc4513a2,
6778e481f51e19954092a8e92106e97b17757b197705e2e57f8b5393a28c1bab,BIS Nord & Est,OUI,9c574b559b818916ecd5f5d0874fc998b8ae28e4446ce33e6076d9f091246f04,
935ba26be39e789aa8135660b57fafab93c59e5d50fa84192e2a9e742bef5aaa,BIS Services Bâtiments & Infrastructures,OUI,,
782430146e5123141c94d4b1a21c16a6c8f50157d2dec8eb8111c83c3c89101f,BIS Ile de France,OUI,3b1b3fc5d53082e31da741b8b3f3ffc17bef7da0cbc1cd02f53bbfc20748dd51,
afa5be4144098852bf95306f9d3580806396f595c4b4656b098c3887308cf5e4,Industries des Procédés,OUI,,
8f621a10cb21830db72ac53fbae1fbe9c36777727c730b4109ce1ba5c9a7e69d,BIS Nord & Est,OUI,48af48f999346c07598388d61f9ec253333ffe578807b1d2ff33a5effbbd9fa6,
5a115c289ba6a29b6305a5d655a09e290f52652ca33a4710f9b0baa5ca15eb59,Villes & Territoires Connectés,OUI,,
48c82ebcbd122b3a967afc7e45833fdc8c32d8670e7535c5da4399d8a6380b9b,"Réfrigération, Sécurité Incendie & Décarbonation",OUI,7665c5217e74ca981782516ba14bf6d5cc4d1c9ba08b7ae3a82e111db848667f,
de6fa5ccafd002938141657df8ecf63da806f2cf5e46679c4b2b99fc7f9775cc,BIS Services Bâtiments & Infrastructures,NON,,
e4b38afd29b658cb1d49e467aee6f6f2f214949f1854ad5c8715bd51aeac2639,BIS Grand Ouest,OUI,62c0a91463f97f88a576bdfb2aae57aaf211c08f10e0830dc32ff2f0977f5d59,
24c614be331a7837ca9f609989101130,BIS Ile de France,OUI,11bc63e561d057b263b4e6968bfc16da,
40005888404b10b2b135c2cf29b368ee74cddb7cbaa9289468c731d847b42222,BIS Ile de France,OUI,,
13fcf6015d485cef31e8a096aa968bbaf056e5ba4c2da6abbc6de18ddee5fbdf,BIS Ile de France,OUI,,
e4e9aa65d5aa81f49c96e79c8cc008685370b91287765d5c6d00168a1051921b,BIS Ile de France,OUI,c52d4a4e9f852f0322c471b473bb09f271a3ebeef4b8b997f47be1605e4bdc16,
33eb76e83a0bf13419b9e096f6108b5734c461628ec3a8477aa6081158f47a41,BIS Grand Sud,OUI,7ba308bf3a8ee4c501cabd9a71b8e40a90464e0f8c86270b28a61189bba296d9,
9e28798e5b0a471242dd7953988f0dda596a8debc83604eadc833c6ff6bdcfa5,"Réfrigération, Sécurité Incendie & Décarbonation",NON,,
1109cdb5ebf28411e0414dbb895e00c90033d8bd2802f20cb9ed98fe04ac5b94,Equans France Direction Ressources Humaines,NON,,
43f358092e06f59050f67143ae761ab76a95ff9006b3abdb8ad665e819abe915,Industries des Procédés,OUI,8a441663e78d186b314a385398c710987386ab353c1785b9aea373884395118d,
abdcf671771f45e86865dc06e2b1831182543a758b42ec800ee390f6e06c047a,BIS Grand Ouest,OUI,,
7be8bf0035c441f052360af5ba8e1e9cfba753514eaa9ec5802475ea4280a7da,BIS Services Bâtiments & Infrastructures,OUI,4727ada05199e5447382040ec64866cf797dc63419a1bd4ad0bcfefc10516ffa,
0e1bc7bbbb3cba298a802000d7caabea4a4d8bf86e05d39ff1a05750d7b58e2e,"Infra Ener, Défense Marine Aéronautique, Ingénierie",OUI,,
418279df5cbd519a7c980a807905f7d29739c67e12629d7ac59499b9aa203caf,"Infra Ener, Défense Marine Aéronautique, Ingénierie",OUI,6b27e7a5f772344fc03d0cfbacb7ef1a51817b6ecba6813d4e8b847675ca1a26,
f045268d08c5469ff3a30746078126d549abbb0546092911e74b66ab7d3ed1e3,BIS Nord & Est,OUI,25550d54ce93e3ee7756c69b30eb15170ab63be4c8adccc5e302c6055a65a85f,
1299148d387151f7de80eaadada7d6282f08115cca2ba1541bfeb3d8849b2c29,BIS Nord & Est,OUI,,
2bdbf283983159e7ab7d01bbbae22e8e5af3b098e005447aaaface5afa7f2340,Transport,OUI,,
f7a938e9820dc026f7f689d72209a97c89d9f8285215353bc5012d5f26f13d4a,BIS Services Bâtiments & Infrastructures,OUI,015ded54d310fd91f791298a2866fa35e6adbb5a1c58c1b6a42707a5708bbf6f,
e577dba7d933ad25fafa210eedfe6535a695dada2a9f8891be5af8d88b2d3cf4,BIS Nord & Est,OUI,,
fd15b9851cf0e11070673d3f841938ce41041ee16c8de50dfd1bd3a050fc0673,BIS Grand Sud,NON,,
1064d219c3fcccaf04966af4f5102c3c8d5ec708bb4dff7a2c5dddab08f81977,"Réfrigération, Sécurité Incendie & Décarbonation",NON,,
0d4646cdb9e28c1d74104a5aed2a885d704e7e3f5d5467a80a534fd6bfa962ed,BIS Ile de France,OUI,,
e07f3cf27f6e4cb5ffe57a39c4d17bb6b67854dd7afece0de342646d163d097b,Transport,OUI,b775edffee95f1a5fcc5bb4dbc1b271331f4f701df1380e7618dd5b48810fdae,
9ea1b0a094cf9af98892e40b013b96f04fb0b608d78fbf38bf41add9e7999d3d,Equans France Direction Communication,NON,,
962eac0144a49e03cdba5999325596fea276c219307022f45e597a1097f0b84f,BIS Nord & Est,OUI,29b995f88ad1bf51aed4dca2c1c6016f330e295160cb86711872aecc2c21f66f,
c7781b94cb85b9fc452c6ab2a13e9288debf172ec7a7471ca1e94a3b53de774e,Transport,OUI,,
da3bfb51a0a063a83c93042f38bf1f19,Industries des Procédés,OUI,f40b5334b1e1f0a842f7566a6733083708c3e168c15a8bffdfd9c239ef8ecf35,
26fa7f9746a0f654c019fa05875bd55df15748c499958df02dbce156530a2b04,BIS Ile de France,NON,,
a4281dc9c50412bfb756399073a3338f3cb54d17f33c65a3c23eab3cf21943e1,BIS Grand Sud,OUI,,
7714f292ecb82045511461d2013f6506a99a46114fcf84d1008382e306bfa179,BIS Services Bâtiments & Infrastructures,OUI,,
fdca854f351172332aa74d1d3fe514fb1dde647779b5fb278ec114d242ddb023,Industries des Procédés,OUI,23927880c5fae90bc1c335d5da0b520199e016b9a8c25d1967f7e5f33d60637f,
15a91f7ebefd31657d09a6b64648a5fc555928fc33291d83903a67d7b6cb05d7,MBU CEDE,OUI,,
c8e17b7b2baf5ced377ff19052953c79158bb3b75f0393699e1c0cb94d22fa6e,Industries des Procédés,OUI,e722ee9adf9c8568d183b43b1816e874cb7c8217fc3f73d721145e526e01434b,
f3a38a0d0ff92e159a8fe1e1848a079fc195c0053b0a2d9e5d0c0a22d503b5e2,BIS Services Bâtiments & Infrastructures,OUI,d5551caae8e79ed737a9cac45a18d1a0169274289779bb8894dfd65dda4c7a87,
ed70e2b48e563068590c3e140e84b530e52505098f9736d6e4ef5150f4f01e57,BIS Grand Sud,OUI,7461811402f5279fe111cf6e5b894d122e1aa4f8935e6e30ce3c40892efc5088,
e02b890ad022f4d1f7dbefd9f4370aad158fc9946a25e7e2a47e1efa8354cd21,"Infra Ener, Défense Marine Aéronautique, Ingénierie",OUI,cf93e18199d8517c8de469a2cf5c4c71dcfe968f6f38321cd301c03e0abf91f0,
9cf3d0b22ead8d04f92dd5abb0a56d8b1db261dd94161b63aa5dcacea4316a99,BIS Grand Sud,OUI,8531fe4891a51d4e90bfaefa47ac67077f5d9c315f3393e8182f015f8fedb917,
00d6f83914aefd6b27fd6aad570f8002abd318a16a9ab39ba048722911d16edf,MBU CEDE,NON,,
cf44bb1ae6a6dd46f4f6ffd02b6b6b7706e194a48159c8382c503d12271b5228,"Réfrigération, Sécurité Incendie & Décarbonation",OUI,,
7f17ec31cfabd472ef16c99583735097c7c04a3c681b636af9f64a985f6ebbb2,Industries des Procédés,OUI,,
5fe895a6f23478e590aa6bea394b1a016c301123435e662224718264b5852a9349c7be23130505dc7e8aaa64597b8807,BIS Services Bâtiments & Infrastructures,OUI,,
8a4eb4c0e735619d80033f31d5ee8420541499f5c7262cb4cd38e21590e2e628,Transport,OUI,,
05bda85ae331a0cad1fdf7ac42ccfc9cb88536c44a006de44b849f7e1ab2ad1f,MBU CEDE,NON,,
b5f53068b681c99ab5247eea164b5bbc48ece3008493aca54b42098f536491be,"Infra Ener, Défense Marine Aéronautique, Ingénierie",OUI,1114e2e6d9d4255acca1486744128a9969a240db5f406af74ff4652474e18dcc,
46ce7cf0a2375850f26443eedabc1711b6cb32222c5859928f74cdc7d119432f,BIS Grand Sud,OUI,51970bc884c64de3eedb7998a17ac5ae8e37ade34eaf0384d50d818f3b11a1bc,
7dd51d09b84e32e06a8c9140eec2c3420b4d940f459f03b67e861ed9bb22a26d,Transport,OUI,,
72175683373d72af1a1add2ec1673e4c7ab2354bd4e56781e0fbb54d443c5789,BIS Grand Sud,OUI,b8c390a53f1633cde6cf763253b73f074b10d70d3e705a02566fc8780f35864d,
b7ee6c3d2c7a932df3f891a5dcd62d6fcb8659d6764d15d6d69f4966709b0782,BIS Nord & Est,NON,,
8ff8f69c35d2241789a254cb19611d7b1caf0d094ec95a4511d98f3f38e71ff8,BIS Services Bâtiments & Infrastructures,OUI,2ce3ca757c244139cd75465024aec2baa0010f4d188643f957c9c7093001ccf1,
2f5f2caf3aa928a90be692bc510cf78b17c1e23f5b6165b30343ee0cfbe429a2,"Infra Ener, Défense Marine Aéronautique, Ingénierie",OUI,a4eb9fc365844c00e77dfbf75e26325123d0a558dea31eeda888c0b648bae2d2,
68888ef1a1aae6751d35b412571e88f27bfb675209f5f750f7a298f59ca2f7921ee9973a4cd412e54ee9296432203866,MBU CEDE,OUI,,
7cfcb7133662475f711288cfbba93f0154642ab5b76951e246f8e0aa24886d364ce48853c6ed86b67f29d83f4cd394aa,BIS Services Bâtiments & Infrastructures,OUI,825cdd2eee314062cc3d61311dbbc4bacd4c01d8d3ba765465b081cec6f44cf35d7816a0d29c749be63baa9e15e083ef,
8dd1aef4362ddefb534d020c1244a0655a8b0d490e220311ff566e0d0f16a40b8a3c48f8df9b33bbaa7c9b517fa270cb,BIS Ile de France,OUI,1ffaae921e5c32bb32925fa2dd6b02986336702eb74f8fff6ef73767351959ca,
6bd15981b42e795a5bdb9bfc33c052a95364aaffbf4f2fbab4a16a5f0c5a62e1,Villes & Territoires Connectés,OUI,,
481658bd927479a11ee36e1db33f69b8daf88cbbc8f6f00bfc1b0878a542722c,BIS Grand Ouest,OUI,,
05afba84b4ba1bcfe231e6ca85a40525a27b3fcd2a193a0298e1d90c3c94446e,BIS Services Bâtiments & Infrastructures,OUI,,
5a0960dc16fd2684eec95689af93399cc237fcbf2d56b37e621efec69580af2b,Villes & Territoires Connectés,OUI,fde7d233e5a5b0314edbc5b60f786f413c1a717b6d94644be4e4420638cc42c5,
d37ad1628617db1f9a742054a23271411fc8e2931e83f6ef67ddebf65178fe53,BIS Ile de France,OUI,301ca98ae10dd5607e10d3c3be7e656a8d4b85ff4f0e40888ffc7b3e8c3a1a93,
7098c53dc6c25332149ecc49c05a5d58c4bd233e463b5ac09565257eee71d9f4,BIS Services Bâtiments & Infrastructures,OUI,,
8adf9d21950bb485935bfa7ee1780920d7f93b8ebfc7b32e54510dec253df5c8,Industries des Procédés,OUI,,
e95f53c548c892077f536b1f64cc479ef9a03cb47d5dcacb904fb4d1931c3757,"Réfrigération, Sécurité Incendie & Décarbonation",OUI,,
04675b3ef300547227e80281789f5de70b83352f07f338fa966ada4f1a751420,BIS Ile de France,OUI,,
74544c28c757930d687d0557518e8c7725e73d05be09b5485c483cf596ad5471,"Infra Ener, Défense Marine Aéronautique, Ingénierie",OUI,,
f4945c10d387d27ff6d595ccab7b9e42e0833bac644e23dcb2dcefcb7a167cf2,BIS Grand Ouest,OUI,,
88dc04739c1236ff3cca5681bbec8ec7a080124e6e22003fa423682d0e8997495faef802f0854dbc67f6d1493a30c66b,Industries des Procédés,OUI,,
abbebfb16fbf56d139d4c4b94f5da0ab7b68df5406a2c6272f92065867f5ac45,BIS Services Bâtiments & Infrastructures,OUI,,
cf744d39a03824e0c867c2ffcc049ed898c8750be33d1d5373003b41fd176ff3,BIS Services Bâtiments & Infrastructures,OUI,,
8a06c019e042390b6071a07960c80f735937eab2a3d04c9f615b0fe3d49c6cba,"Réfrigération, Sécurité Incendie & Décarbonation",NON,,
25dab57ea98dce4ee27c2e4c56d4f2a512afe5d0d748a024690ca46ed13126c9,"Réfrigération, Sécurité Incendie & Décarbonation",OUI,,
2af33ae4faca7c66fc5cb38e21b6ad6273094c75941ccacdec7fa1d822e476023e36ed9cecfab7ed96162e5fdd72c128,BIS Ile de France,OUI,ee24869f3503ae957f6c8cc831f84485962836657f452977270440c15da311b1,
8e89f267dd24df33a503e14a00241465d6cb66f9c8ff5f5134a2fbb5bf477846,BIS Ile de France,OUI,,
89671707fbf41f88d6b82be01d625cfbad4a1a5bb44fdc51c58d43d42fcb65f7,BIS Direction Ressources Humaines,NON,,
44ebc9206ac293bcf8494536dbc1d188ed66c666f7b1f454fcf463b10636eb59,Equans Digital,OUI,,
157f624de9474ce50825548cb7f9f26206fab3a40ce5b33209c3a336c2667a9d,BIS Services Bâtiments & Infrastructures,OUI,e7f3d6f64fb6eff9b6e88593721d90e976ccb658ed788f7718b05c1df0fc0a26,
e70e3803adbf38360ed98ee7392b8560e4a968fa78b2b731071d4d99e60ee760,"Réfrigération, Sécurité Incendie & Décarbonation",OUI,9aef6024f23aa660a836a22b08af72b0e406c785344ea2cd169c0b5d039ed917,
a1d7332da69d6b6325754c23224ecb4d90ee0dda4c1f89a09f0c3f6c8b07f51b,BIS Grand Sud,NON,,
418f072a8e1a8c9c6f341da9b85c14bafb6a7d260dd6b1b88cfa4c595fcd9ad0,"Infra Ener, Défense Marine Aéronautique, Ingénierie",OUI,6239f0ad5b5c13f03e76458ca14a9341a043ddf75ce9bf11b30eac52378b9e18,
0bb54e6011418af72bd21c0edba79b8b7410369e2cdcd37f30acecd1915d872a,Equans France Direction Santé Sécurité,NON,,
cc908b55d3dca7d69da3514c2171cc2f3a783701a931f2a996f1e1bcac7cb146,Villes & Territoires Connectés,OUI,,
a59055e9fc1be38a1819ba324a77f3d1329379ff4ab965a3975de0ae0d4b2627,Industries des Procédés,NON,,
f2d453bb770d6236a6cfaa0d018ba6c15a37cad3d08fa2dfc529046e2e8dd7f3,Villes & Territoires Connectés,OUI,,
bf5470c24f4e60a9c5767e2197e8065194174d96720574b280343e57fd2f7121,BIS Ile de France,OUI,,
1b63cc51512ecdc8371e7d8dd20e441a36b1e41c9219409165f273a2b0d8b835,BIS Grand Ouest,OUI,,
9f83b6ce5aeb6e15c73f37a76379acd97227bcfd5b0e4352fc81b0d38eb300c7,"Réfrigération, Sécurité Incendie & Décarbonation",NON,,
c783d7197160893278a3696b210a7dffd8898aa9447737abc94a27758985da28,"Infra Ener, Défense Marine Aéronautique, Ingénierie",OUI,,
0eb37d225f08dda8f4cc9fbe9aba719674a7371c6e4039431584aec1016f7a56,BIS Services Bâtiments & Infrastructures,OUI,,
0981484b7dedb3f53f814380f3582668d21144f77f18989ea920ecf1ded59509,BIS Nord & Est,OUI,,
7608a315146058eaa72b8e8eaaa662a0b49842fa902f4a86c36208916a5a6744,BIS Grand Sud,OUI,ec93fa3e024af8dae4085629c13420d4ec89fee4d95fe95f1457e8a09a9541b1,
bbc8c47cc0f885183789b988d9d018cf8ca7f863ef6009d07894c7da67a0d07e,BIS Services Bâtiments & Infrastructures,OUI,99b6e4d2e42e198f9d9fb8967cee7582,
7e1807ef9b989ed15b174145f7732aa4a6a9fd34286da122991b4930bb3c3457,BIS Grand Sud,OUI,,
bb6544923cebc39cc0e2964f64c863ca7b6d4981bbe89c6ed830db694d1dfaa8,Villes & Territoires Connectés,NON,,
08b5544ba0afd552ceb36ad0a344f4ab6ad1aafdec75d212cef1bb917aae4239,BIS Services Bâtiments & Infrastructures,OUI,92a5eefca98d0d7673249b8c39da76a0dd10c1fa2c9f04fe635e1e93376ebdd9,
f7ae85647ea4668a5c4a92ddb8b86c26524cdba4c097dc755459351a14f77836,BIS Services Bâtiments & Infrastructures,OUI,600d97a8260af492c8746ca32004470d79950db032f74cf725f61c89d5f59f15,
2942c10a6ed2a52868fb94c1a213efd90259aed82919717c1beb4c03541c3361,Villes & Territoires Connectés,OUI,,
012129c2a68b33fda86a2464f3003ab2abf2d6c7c9093ad5eb3f04ff23a0cb24,BIS Services Bâtiments & Infrastructures,OUI,5f7a83bdb858609ff3c7e2a46ff71aa48c09dce3c9e85a9374ef77ec78184bf0,
31c4be9e28682a1baa3a2951cd75c96837e0112e4b760fc918e26cf713387fb6,BIS Grand Sud,OUI,d36d10a498c126c41856e163f52e1726e31bc99566742fd2064d50fe0e916704,
c7b9de30c2817586fe97a662f8d98b8192d40eceda8f499b009c8e070bf82c3e,Villes & Territoires Connectés,OUI,,
41a935c1a49249fbd2cabbb28980e134627a432e7dbdfe1f8ec4740f10b1d039,Villes & Territoires Connectés,OUI,,
33cc134c62cb13b6ded5af37ba4f1f1be72a6e43c7dcce43bc454a7c1813aa22,Equans Digital,OUI,,
bfe3804bfb026814d9bf4eedf0c4df1e365551b4799092c4e31d5ea1ea0022c5,BIS Services Bâtiments & Infrastructures,OUI,428ce57a3e1b85a2645774ca2d6a9480c58705f1e1dc3a38968da14a1b68d2c5,
4d93b568bd9c2a97ab34e83814714e1c2c91fac3bd352c756113646a59f65d5d,"Infra Ener, Défense Marine Aéronautique, Ingénierie",OUI,264d8a1660b5c7c56b39aed5bec25c641930ed34ed2f06fa7d809db9f4c1d49b,
b0651be75da44bbea49ab4827da15f1bff835c1f00b881eafd5d2def0ab31818,BIS Services Bâtiments & Infrastructures,OUI,,
05136b6170274f050d53c7bef82f2217e138b8eda4029f2a5c0f283ceb64b684,BIS Ile de France,OUI,,
f900907cb11bd4e8e20556dd84fc944cb40741af27ab402c3021200f9dc349a6,"Réfrigération, Sécurité Incendie & Décarbonation",OUI,,
680087760b401fbe309fcbedd3d629a04ae45f934c86d76e28e0b405478df85d,BIS Grand Sud,OUI,,
8c2efb5145583e96579ed7add992648edeea49e163474266ab0df956fe11ba53,"Réfrigération, Sécurité Incendie & Décarbonation",OUI,,
f97714efba1132f5c15a9792e9a2ffeb405358eeb26b5325990aca5356981424,BIS Nord & Est,OUI,9e8572d610d17dd6c672a53c99ded092e1641fcdf30740721a2a18bee890fd04,
4b9b8f05fdee96600ede773ba5b82971a88f997f9c0ba55453f12de5b736a12c,"Réfrigération, Sécurité Incendie & Décarbonation",OUI,,
ce974d5d7056776f62618369940b71a0feed5eb3f26ff74a77598badaddde4be,BIS Grand Ouest,OUI,f0f03a3f09a2cb53f2e5efc91cd37df31f9d52bcecf334d96c22349e63ec29d7,
0c4f81fa4b65b8b7c07e1ae1462e335f966d4435d65cbb10842e84b226d9b734,BIS Grand Sud,OUI,02645033e28162327fbb3177bb78e01e74df5c2fcdf7c00f5c664d37762ba37c,
44e9e90fdeecc750f091c630e246a3acc536e3bee7d957dbc45994a52e24fc46,BIS Services Bâtiments & Infrastructures,OUI,,
f866b7114c144b75f9e2a96463e2d7438c31dacd8e36e10e9839eed66b66617b,"Réfrigération, Sécurité Incendie & Décarbonation",OUI,0399122fe0c092b439b4efc4375e481ab58f56e80e36b1d0b074662c76b2aa20,
6c9a743534cd28d0cf9ce820194e54f43a334ce230df9734a46fac01fe64b7fd,"Réfrigération, Sécurité Incendie & Décarbonation",OUI,,
959f9cd39a2b0267f8a6e8c4c4b3e5f463f43527a32db9f763b718c60f450f16,"Réfrigération, Sécurité Incendie & Décarbonation",OUI,,
846ad91040a5b2be65bd572123d119386a0bbb33f3371ccbc54dc365efdba1eb,BIS Grand Ouest,OUI,,
d0e59ca6a3826c78fa990f50ebfacaf95a9c41b63f2fed5e5e66136046a87e69,BIS Grand Ouest,NON,,
a5a41833a062a6c0160862554cb59a535a64d99550ef5e1dfecbc64bf111afa8,BIS Ile de France,NON,,
d9fbdd49c13054417ed41e15868fb84b9fabec86d6f9b34f3377dd98271a0e9f,Villes & Territoires Connectés,OUI,,
9d463388750621531f715fdda4701f92fc72412a4e55d8a9fd7a6eb27bd81a5e,MBU CEDE,NON,,
4b1d878e3800c75e15d56f50b1ea756c65b72939cc9885265453e576a009542d,BIS Grand Sud,OUI,af8c2fb9f1d90e6d4b4a134327f22e1f3976281286c479609a78c54e9af67896,
3bb9dc6d587ae539b7d6801d2729185b31eb2c16cd4d75bd2c8107527d603dec,BIS Services Bâtiments & Infrastructures,OUI,baf6bc1131d236f77e03000508b7df050b0b65db6881c264b5662a2e234db7b432c85956520e0fa4c15583b11332994d,
11701868fdfd7af76696eda17f2409cf230d3c80af00f400321272ce22d03539,BIS Grand Sud,OUI,,
98af2ba2ec8fe65822deebe8609d9a7d3d9c421861e42113e1c7329447bde18e,Industries des Procédés,OUI,,
289a30d4cdcc2c0bf25435540bc1900335a0a204beb2bc25a3ede7416fa4cfeb,BIS Services Bâtiments & Infrastructures,OUI,,
40d0c1a4ac49c88b58d6a4e4db7c083ac5b2515e0a46fd4f7b7fce79c5c7eb94,BIS Grand Sud,OUI,f3f2ced83cdfc7d7fc2893eb900a99b62ca52fdd5f1c2e566e0557f30144bdb8,
99fb373ca244a9d08bc78ac58756758632c4ef13dedcaa333fee5412167db00b,BIS Services Bâtiments & Infrastructures,OUI,8991b31a50daa23eabaf65e26ff37556e9fe9450dee1234cc2635f89b18ff6d3,
b04e7de412702e7d48e46f506d5e636dd2a0248b136c6f15a10400e212da398f,Industries des Procédés,OUI,,
7a685ec98156a5a8b77865c3abdf7d7c66a6c37f23e4ed5eeffc1ef8a38b80fe,BIS Grand Sud,,,
db3ac107f8cee9eda59b022ddc682c0a4afab43c159903e4d47cef5ebc6923fc,"Réfrigération, Sécurité Incendie & Décarbonation",OUI,,
cac49cd303637c4247cdc49115df94443c3897e08be0b014613566df26e9d5e1,BIS Grand Ouest,OUI,,
175d81638007617464059dd50963c19af32171dee4ed9fc2b606d1fd500e9d35,BIS Grand Sud,OUI,,
baa8526e028845c6ec0ba56bf701e568003590e16a7a362cfe62a58008eff547,BIS Ile de France,OUI,,
ccaaa40ca7b544dcbeb40b441e0fac4f52f47f041a6e51b5b9356878ca7fb018,"Réfrigération, Sécurité Incendie & Décarbonation",OUI,,
7f20c6c0cd00e02796158f4b756dda2acc61b311c05385af2746282932407cae,Industries des Procédés,OUI,,
239fe6e1530b12e4a8f0f4ab59868ab81e1a12c8986b2c8cb0caf386d136aee1,BIS Grand Sud,OUI,60379c30af79dbdd4e52aeff17831164572b8107efb58a8985a234def0edb3cc,
0aeacbb4cfcb5177257bff0da1c96f1e268605227d4779bf7ff62a7b7f691a6d,BIS Ile de France,OUI,,
e1b2d0e2251cdaa026e31344e89aacd8298b11b5b0a791dd29a76d084fb54dcd,BIS Services Bâtiments & Infrastructures,OUI,75759fb88dd0774cc832d3452d16eb495703ea656a4b2825f352012520928189,
f3d030b37548ae4bd349e3684310286aa88c91632319de47e425c7005925a29a65fd41b55e0b56a27a2f2eab5602acdb,BIS Grand Sud,OUI,80e9d4b24530f7803950a6646d83123b830145c5b67e54910e8d95d06efc7cf1,
5b999e3150bd2c41d3bab0c26f0a2eb23b2dbbb52c7e31abc5ceddaca8228e66,"Réfrigération, Sécurité Incendie & Décarbonation",NON,,
1bdb3dc355eeabcf76447f6fa48189495a6401e41e77a3f141f3d497ddbb0e33,Villes & Territoires Connectés,OUI,,
773dda87bc3a968b135c1550d26149e6b6eb5267ae1892ddd4180118b86ff93b,"Réfrigération, Sécurité Incendie & Décarbonation",NON,,
6b6a43e584cba24c4785c1c3893a17520da9e5d5d42c90ed2d5c962b2534ec58,MBU CEDE,OUI,,
c901f29d6b546136491f04d48bd28e41aa3f8c78716d4af02e0817c8f0eb8303,"Infra Ener, Défense Marine Aéronautique, Ingénierie",OUI,,
2da6e30b38caeec057817ec24af80d6cf7bf85abc4ddab7a0437265e568b9958,"Réfrigération, Sécurité Incendie & Décarbonation",OUI,0d5cf33c75d9c6698c52dacc003d05ffa2a62e5d6e9a4d92bf0b0f40298932d4,
8106770db0bcb14f9295c1ec7e74b2e889593a2ac94e67c6edbb243faac9cd79,BIS Grand Sud,OUI,,
b710e547c919f83f33e52816c72aaab819adfa596bb28edeb47f62d065f58b08,Equans France Direction Ressources Humaines,NON,,
38c14829207f08959620aabd66aab410a4c55ed102512e846f8813712894a756,,,,
cf93e18199d8517c8de469a2cf5c4c71dcfe968f6f38321cd301c03e0abf91f0,,,,
264d8a1660b5c7c56b39aed5bec25c641930ed34ed2f06fa7d809db9f4c1d49b,,,,
60379c30af79dbdd4e52aeff17831164572b8107efb58a8985a234def0edb3cc,,,,
e722ee9adf9c8568d183b43b1816e874cb7c8217fc3f73d721145e526e01434b,,,,
1ffaae921e5c32bb32925fa2dd6b02986336702eb74f8fff6ef73767351959ca,,,,
9e8572d610d17dd6c672a53c99ded092e1641fcdf30740721a2a18bee890fd04,,,,
1472ac1d6a10b7050d81b7f4afa162bd9778bc54aead4c1a6eaf05994213d9aa,,,,
92a5eefca98d0d7673249b8c39da76a0dd10c1fa2c9f04fe635e1e93376ebdd9,,,,
2cc75cd795659d62c087fea1fad89be29ea7a2ba6c78a76d620f46c1f0b7fba9,,,,
51970bc884c64de3eedb7998a17ac5ae8e37ade34eaf0384d50d818f3b11a1bc,,,,
825cdd2eee314062cc3d61311dbbc4bacd4c01d8d3ba765465b081cec6f44cf35d7816a0d29c749be63baa9e15e083ef,,,,
23927880c5fae90bc1c335d5da0b520199e016b9a8c25d1967f7e5f33d60637f,,,,
600d97a8260af492c8746ca32004470d79950db032f74cf725f61c89d5f59f15,,,,
a4eb9fc365844c00e77dfbf75e26325123d0a558dea31eeda888c0b648bae2d2,,,,
db4f4af2dfbf18f7513ac8663883693265da9303b805ad683e8268406fa8c4f3,,,,
48af48f999346c07598388d61f9ec253333ffe578807b1d2ff33a5effbbd9fa6,,,,
29b995f88ad1bf51aed4dca2c1c6016f330e295160cb86711872aecc2c21f66f,,,,
11bc63e561d057b263b4e6968bfc16da,,,,
7ba308bf3a8ee4c501cabd9a71b8e40a90464e0f8c86270b28a61189bba296d9,,,,
9aef6024f23aa660a836a22b08af72b0e406c785344ea2cd169c0b5d039ed917,,,,
5f7a83bdb858609ff3c7e2a46ff71aa48c09dce3c9e85a9374ef77ec78184bf0,,,,
8991b31a50daa23eabaf65e26ff37556e9fe9450dee1234cc2635f89b18ff6d3,,,,
0399122fe0c092b439b4efc4375e481ab58f56e80e36b1d0b074662c76b2aa20,,,,
f40b5334b1e1f0a842f7566a6733083708c3e168c15a8bffdfd9c239ef8ecf35,,,,
baf6bc1131d236f77e03000508b7df050b0b65db6881c264b5662a2e234db7b432c85956520e0fa4c15583b11332994d,,,,
cddbeea2c2cede845f9661d042f5639416c3633ce80619e12d3be118d130d58f,,,,
0d5cf33c75d9c6698c52dacc003d05ffa2a62e5d6e9a4d92bf0b0f40298932d4,,,,
3b1b3fc5d53082e31da741b8b3f3ffc17bef7da0cbc1cd02f53bbfc20748dd51,,,,
02645033e28162327fbb3177bb78e01e74df5c2fcdf7c00f5c664d37762ba37c,,,,
b90538bad8bf28f5454ee5dabbfb6cf7a725100c81f13e6424eec1ff215867d1,,,,
7be6296315cdf0dc3514d0ac082aa873e75eb15b76bf899295dde2318c1bc458,,,,
f3f2ced83cdfc7d7fc2893eb900a99b62ca52fdd5f1c2e566e0557f30144bdb8,,,,
76769d04c06ad471f29571066a00cb9a75b0da5c11a1d11a9968bf73d000a1b9,,,,
c52e2ee807a336783f8bc6756c29d0078a6b54decbf6d8d6510e6f239b30d1a3,,,,
6c27d8fd21b9e0b0825d98c53b05fdbc6614371e67120b993f2f0cccffc02ef2,,,,
d36d10a498c126c41856e163f52e1726e31bc99566742fd2064d50fe0e916704,,,,
af8c2fb9f1d90e6d4b4a134327f22e1f3976281286c479609a78c54e9af67896,,,,
ec93fa3e024af8dae4085629c13420d4ec89fee4d95fe95f1457e8a09a9541b1,,,,
1114e2e6d9d4255acca1486744128a9969a240db5f406af74ff4652474e18dcc,,,,
a35294baa83df7ef61d3973ee834a7e0181421b11abb674a72e32822af570f6c,,,,
8531fe4891a51d4e90bfaefa47ac67077f5d9c315f3393e8182f015f8fedb917,,,,
301ca98ae10dd5607e10d3c3be7e656a8d4b85ff4f0e40888ffc7b3e8c3a1a93,,,,
e7f3d6f64fb6eff9b6e88593721d90e976ccb658ed788f7718b05c1df0fc0a26,,,,
99b6e4d2e42e198f9d9fb8967cee7582,,,,
4727ada05199e5447382040ec64866cf797dc63419a1bd4ad0bcfefc10516ffa,,,,
80e9d4b24530f7803950a6646d83123b830145c5b67e54910e8d95d06efc7cf1,,,,
ee24869f3503ae957f6c8cc831f84485962836657f452977270440c15da311b1,,,,
da0b92331a9023dd97bec4f74d97719db6f768c60ed1f9b365a79f26f618173a,,,,
63aad781114b3419a2804b9d593785f4,,,,
428ce57a3e1b85a2645774ca2d6a9480c58705f1e1dc3a38968da14a1b68d2c5,,,,
8a441663e78d186b314a385398c710987386ab353c1785b9aea373884395118d,,,,
c52d4a4e9f852f0322c471b473bb09f271a3ebeef4b8b997f47be1605e4bdc16,,,,
6239f0ad5b5c13f03e76458ca14a9341a043ddf75ce9bf11b30eac52378b9e18,,,,
54722fc4d6e02db57694638d14575893e0573d03eb4d5f8e6f1fd46d8bc0006b,,,,
a0de4b5919c552bfb4c599123b059d6f,,,,
d5d4e4964b9b4fd025db9020829b4abb69477e6fabd73f600be2860bdbbe3652,,,,
75759fb88dd0774cc832d3452d16eb495703ea656a4b2825f352012520928189,,,,
3e37fdcb40786b309f48d15c1fee63a153044b52c48fd439578efaed40deb1c4,,,,
b42a4c4902547cbd3d319b1374899f7f80ad57b686dd300017d1900016044397,,,,
9c574b559b818916ecd5f5d0874fc998b8ae28e4446ce33e6076d9f091246f04,,,,
5e6ebf4f80e86a8adeebd843c09b2f64c1f1ad12dc5cc91c7e2b428bbc4513a2,,,,
fde7d233e5a5b0314edbc5b60f786f413c1a717b6d94644be4e4420638cc42c5,,,,
b775edffee95f1a5fcc5bb4dbc1b271331f4f701df1380e7618dd5b48810fdae,,,,
015ded54d310fd91f791298a2866fa35e6adbb5a1c58c1b6a42707a5708bbf6f,,,,
f0f03a3f09a2cb53f2e5efc91cd37df31f9d52bcecf334d96c22349e63ec29d7,,,,
6b27e7a5f772344fc03d0cfbacb7ef1a51817b6ecba6813d4e8b847675ca1a26,,,,
8dd13002b7fb82d0aafa199eb3fafc50f854c5db40766590f47026346b213fd4,,,,
1cd45f6d5bd5fa4479b1d32ab3261cc683d19af144748f7cd41c4576ee470dd1,,,,
06cbc44b4d9d06b9465859d65dec18d715266b2a275c593075d0bb4e16555722,,,,
7461811402f5279fe111cf6e5b894d122e1aa4f8935e6e30ce3c40892efc5088,,,,
82d72de980d65d8a318b7e8dfec06c0cf1d52e379a7654f03c958476f07929c0,,,,
cbc2680757cfbe99bb47d58ee06a45e4cd6efd6d248295fa3f455ac41af12685,,,,
3047e89e12e991bc6bb82e7ea10ddf031a445815d97545b6ca0f03d124c99bd0,,,,
10d95b55ace2c34592515df92f21c0be0d980be9b2a1ca62110f77d87400bebe,,,,
2ce3ca757c244139cd75465024aec2baa0010f4d188643f957c9c7093001ccf1,,,,
2eef7fc6a527ba367f1483631686dc20e1a08b32b87eec79af871922cc38063a,,,,
b8c390a53f1633cde6cf763253b73f074b10d70d3e705a02566fc8780f35864d,,,,
25550d54ce93e3ee7756c69b30eb15170ab63be4c8adccc5e302c6055a65a85f,,,,
d5551caae8e79ed737a9cac45a18d1a0169274289779bb8894dfd65dda4c7a87,,,,
813fd6b70abad1e6cfdb183ee6f17f2e489d1b45ccc38f5d31f2d963ff0153c4,,,,
7665c5217e74ca981782516ba14bf6d5cc4d1c9ba08b7ae3a82e111db848667f,,,,
81120ff6b3a886983e99cc48ccfb2e836e564c4f6aa991faa86ea961e3c04a69,,,,
4ef37930736afaf5dd3401cf1a539b0d4f73ca64b14065a2de84fe6d64caeb34,,,,